[
  {
    "title": "LOL Pop-Up Night",
    "date": "2025-11-08",
    "time": "7:30 PM",
    "venue": "Secret Venue - West Loop",
    "city": "Chicago, IL",
    "ticket_url": "https://example.com/tickets/1108",
    "comedians": [
      "Host TBA",
      "Feature TBA",
      "Headliner TBA"
    ],
    "age_restriction": "21+",
    "format": "Stand-Up"
  },
  {
    "title": "South Side Laughs",
    "date": "2025-11-15",
    "time": "8:00 PM",
    "venue": "Pop-Up Stage - Bridgeport",
    "city": "Chicago, IL",
    "ticket_url": "https://example.com/tickets/1115",
    "comedians": [
      "Host TBA",
      "Feature TBA",
      "Headliner TBA"
    ],
    "age_restriction": "18+",
    "format": "Showcase"
  },
  {
    "title": "Holiday Ha-Ha Tour",
    "date": "2025-12-05",
    "time": "8:00 PM",
    "venue": "River North Loft",
    "city": "Chicago, IL",
    "ticket_url": "https://example.com/tickets/1205",
    "comedians": [
      "Host TBA",
      "Feature TBA",
      "Headliner TBA"
    ],
    "age_restriction": "21+",
    "format": "Stand-Up"
  }
]